url_path,views_total,views_unique
/superduper-io/superduper,772,458
/superduper-io/superduper/issues,63,33
/superduper-io/superduper/pulls,60,15
/superduper-io/superduper/tree/main/superduper,38,17
/superduper-io/superduper/tree/main,36,21
/superduper-io/superduper/tree/0.5,26,3
/superduper-io/superduper/pull/2774,22,2
/superduper-io/superduper/pull/2777,21,3
/superduper-io/superduper/actions/runs/13449588504,19,1
/superduper-io/superduper/tree/main/templates/retrieval_augmented_generation,17,8
